[["live_snake_1", {"overall": 27.142857142857142, "good": 40.5, "bad": 21.8, "good_indeces": [58, 23], "bad_indeces": [62, 41, 6, 1, -1]}], ["live_snake_2", {"overall": 50.38461538461539, "good": 57.0, "bad": 49.833333333333336, "good_indeces": [57], "bad_indeces": [83, 73, 68, 67, 65, 63, 61, 59, 35, 24, 1, -1]}], ["live_snake_3", {"overall": 45.55555555555556, "good": 46.0, "bad": 45.529411764705884, "good_indeces": [46], "bad_indeces": [84, 71, 70, 68, 66, 64, 62, 60, 58, 38, 36, 34, 32, 30, 2, 0, -1]}]]