[["live_snake_1", {"overall": 40.05555555555556, "good": 55.375, "bad": 27.8, "good_indeces": [91, 76, 64, 51, 46, 43, 38, 34], "bad_indeces": [73, 61, 27, 24, 22, 19, 17, 15, 11, 9]}], ["live_snake_2", {"overall": 55.75, "good": 57.5, "bad": 50.5, "good_indeces": [78, 70, 66, 62, 51, 18], "bad_indeces": [54, 47]}], ["live_snake_3", {"overall": 50.05555555555556, "good": 24.5, "bad": 62.833333333333336, "good_indeces": [54, 35, 25, 17, 13, 3], "bad_indeces": [84, 80, 78, 76, 73, 71, 69, 66, 64, 62, 32, -1]}]]