[["live_snake_1", {"overall": 44.05555555555556, "good": 63.25, "bad": 38.57142857142857, "good_indeces": [71, 66, 61, 55], "bad_indeces": [85, 77, 75, 73, 46, 40, 36, 31, 26, 21, 15, 10, 5, 0]}], ["live_snake_2", {"overall": 39.5, "good": -1, "bad": 39.5, "good_indeces": [], "bad_indeces": [83, 75, 69, 64, 60, 56, 51, 47, 42, 38, 33, 28, 23, 18, 13, 8, 4, -1]}], ["live_snake_3", {"overall": 43.09090909090909, "good": -1, "bad": 43.09090909090909, "good_indeces": [], "bad_indeces": [84, 81, 77, 73, 69, 65, 61, 57, 53, 48, 44, 41, 36, 33, 29, 25, 22, 18, 15, 10, 6, 1]}]]