[["live_snake_1", {"overall": 37.333333333333336, "good": 38.75, "bad": 36.2, "good_indeces": [71, 45, 24, 15], "bad_indeces": [88, 55, 33, 6, -1]}], ["live_snake_2", {"overall": 39.7, "good": 54.333333333333336, "bad": 33.42857142857143, "good_indeces": [84, 62, 17], "bad_indeces": [71, 60, 42, 30, 23, 9, -1]}], ["live_snake_3", {"overall": 34.8235294117647, "good": -1, "bad": 34.8235294117647, "good_indeces": [], "bad_indeces": [85, 75, 65, 59, 53, 48, 41, 36, 31, 28, 23, 18, 13, 9, 6, 3, -1]}]]