[["live_snake_1", {"overall": 41.0, "good": 29.0, "bad": 45.0, "good_indeces": [47, 11], "bad_indeces": [83, 70, 59, 36, 22, 0]}], ["live_snake_2", {"overall": 45.111111111111114, "good": 26.0, "bad": 47.5, "good_indeces": [26], "bad_indeces": [89, 78, 66, 56, 45, 33, 11, 2]}], ["live_snake_3", {"overall": 30.59259259259259, "good": -1, "bad": 30.59259259259259, "good_indeces": [], "bad_indeces": [88, 78, 67, 58, 52, 48, 45, 42, 40, 37, 35, 33, 30, 28, 25, 23, 20, 18, 16, 13, 11, 8, 6, 4, 2, 0, -1]}], ["live_snake_4", {"overall": 80.2, "good": 77.8, "bad": 81.4, "good_indeces": [179, 122, 47, 26, 15], "bad_indeces": [186, 157, 146, 99, 87, 57, 50, 30, 3, -1]}], ["live_snake_5", {"overall": 97.0, "good": 91.33333333333333, "bad": 98.41666666666667, "good_indeces": [190, 46, 38], "bad_indeces": [180, 167, 151, 141, 126, 105, 87, 70, 61, 51, 26, 16]}]]