[["retrospective_mc_1", {"overall": 132.2, "good": -1, "bad": 132.2, "good_indeces": [], "bad_indeces": [259, 234, 204, 176, 148, 120, 92, 63, 27, -1]}], ["retrospective_mc_2", {"overall": 121.08333333333333, "good": -1, "bad": 121.08333333333333, "good_indeces": [], "bad_indeces": [267, 246, 184, 177, 150, 126, 110, 74, 59, 39, 22, -1]}], ["retrospective_mc_3", {"overall": 149.64705882352942, "good": 170.0, "bad": 141.16666666666666, "good_indeces": [272, 264, 253, 34, 27], "bad_indeces": [245, 234, 224, 216, 204, 179, 167, 112, 98, 12, 4, -1]}]]