[["retrospective_snake_1", {"overall": 29.884615384615383, "good": 29.884615384615383, "bad": -1, "good_indeces": [85, 82, 74, 62, 46, 42, 40, 38, 36, 34, 32, 29, 27, 25, 23, 21, 19, 16, 14, 11, 9, 7, 4, 2, 0, -1], "bad_indeces": []}], ["retrospective_snake_2", {"overall": 55.333333333333336, "good": -1, "bad": 55.333333333333336, "good_indeces": [], "bad_indeces": [92, 89, 85, 80, 74, 69, 64, 54, 52, 46, 40, 33, 25, 20, 7]}], ["retrospective_snake_3", {"overall": 40.22222222222222, "good": 41.0, "bad": 39.833333333333336, "good_indeces": [86, 66, 59, 49, 41, 31, 22, 12, 3], "bad_indeces": [84, 78, 73, 63, 60, 54, 51, 45, 43, 36, 33, 27, 24, 17, 15, 9, 6, -1]}]]