[["retrospective_snake_1", {"overall": 42.0, "good": 42.833333333333336, "bad": 40.333333333333336, "good_indeces": [91, 69, 47, 31, 20, -1], "bad_indeces": [58, 45, 18]}], ["retrospective_snake_2", {"overall": 51.0, "good": 51.0, "bad": -1, "good_indeces": [88, 84, 80, 76, 68, 60, 53, 45, 33, 17, 9, -1], "bad_indeces": []}], ["retrospective_snake_3", {"overall": 51.588235294117645, "good": 58.77777777777778, "bad": 43.5, "good_indeces": [94, 87, 82, 74, 63, 50, 48, 22, 9], "bad_indeces": [85, 80, 61, 42, 35, 27, 15, 3]}]]