[["Frog_live_snake_1", {"mean": 1.03, "std": 0.1705872210923198}], ["Frog_live_snake_2", {"mean": 1.03, "std": 0.1705872210923198}], ["Frog_live_snake_3", {"mean": 1.03, "std": 0.1705872210923198}], ["Mob_live_snake_1", {"mean": 1.04, "std": 0.19595917942265426}], ["Mob_live_snake_2", {"mean": 1.74, "std": 1.082774214691133}], ["Mob_live_snake_3", {"mean": 1.02, "std": 0.13999999999999999}], ["morf_live_snake_1", {"mean": 1.02, "std": 0.13999999999999999}], ["morf_live_snake_2", {"mean": 1.04, "std": 0.19595917942265426}], ["morf_live_snake_3", {"mean": 1.01, "std": 0.09949874371066199}], ["Red_live_snake_1", {"mean": 2.33, "std": 1.0493331215586401}], ["Red_live_snake_2", {"mean": 1.02, "std": 0.13999999999999999}], ["Red_live_snake_3", {"mean": 1.58, "std": 0.6808817812219681}], ["Something_live_snake_1", {"mean": 1.08, "std": 0.30594117081556704}], ["Something_live_snake_2", {"mean": 1.02, "std": 0.13999999999999999}], ["Something_live_snake_3", {"mean": 1.03, "std": 0.17058722109231983}], ["TarotMaster_live_snake_1", {"mean": 1.01, "std": 0.09949874371066199}], ["TarotMaster_live_snake_2", {"mean": 1.01, "std": 0.09949874371066199}], ["TarotMaster_live_snake_3", {"mean": 1.04, "std": 0.19595917942265423}], ["Thistle_live_snake_1", {"mean": 1.19, "std": 0.4170131892398609}], ["Thistle_live_snake_2", {"mean": 1.2, "std": 0.4898979485566356}], ["Thistle_live_snake_3", {"mean": 1.23, "std": 0.5070502933634888}], ["Tomato_live_snake_1", {"mean": 1.28, "std": 0.5844655678480982}], ["Tomato_live_snake_2", {"mean": 1.04, "std": 0.19595917942265423}], ["Tomato_live_snake_3", {"mean": 1.03, "std": 0.17058722109231983}], ["TRo_live_snake_1", {"mean": 1.02, "std": 0.13999999999999999}], ["TRo_live_snake_2", {"mean": 1.3, "std": 0.608276253029822}], ["TRo_live_snake_3", {"mean": 1.02, "std": 0.13999999999999999}]]