[["retrospective_mc_1", {"overall": 65.0, "good": 65.0, "bad": -1, "good_indeces": [103, 66, 26], "bad_indeces": []}], ["retrospective_mc_2", {"overall": 139.5, "good": 146.375, "bad": 125.75, "good_indeces": [267, 236, 203, 174, 134, 104, 47, 6], "bad_indeces": [229, 165, 93, 16]}], ["retrospective_mc_3", {"overall": 135.6, "good": 280.0, "bad": 131.35294117647058, "good_indeces": [280], "bad_indeces": [262, 255, 248, 240, 231, 223, 216, 208, 200, 192, 184, 177, 168, 160, 152, 144, 136, 128, 119, 111, 103, 96, 88, 80, 71, 63, 55, 47, 38, 30, 22, 14, 6, -1]}]]