[["retrospective_mc_1", {"overall": 91.55555555555556, "good": 91.55555555555556, "bad": -1, "good_indeces": [190, 183, 176, 142, 131, 123, 115, 107, 100, 92, 84, 55, 47, 39, 31, 20, 12, 1], "bad_indeces": []}], ["retrospective_mc_2", {"overall": 74.5, "good": -1, "bad": 74.5, "good_indeces": [], "bad_indeces": [151, 144, 135, 128, 119, 112, 104, 95, 87, 78, 70, 62, 54, 46, 38, 29, 21, 13, 5, -1]}], ["retrospective_mc_3", {"overall": 63.333333333333336, "good": -1, "bad": 63.333333333333336, "good_indeces": [], "bad_indeces": [132, 124, 116, 108, 100, 92, 84, 75, 67, 59, 51, 43, 34, 26, 18, 10, 2, -1]}]]