[["Frog_live_ttt_1", {"mean": -0.64, "std": 0.700285656000464}], ["Frog_live_ttt_2", {"mean": -0.39, "std": 0.8354040938372281}], ["Frog_live_ttt_3", {"mean": -0.6, "std": 0.692820323027551}], ["Mob_live_ttt_1", {"mean": -0.35, "std": 0.8874119674649424}], ["Mob_live_ttt_2", {"mean": -0.3, "std": 0.8999999999999999}], ["Mob_live_ttt_3", {"mean": -0.46, "std": 0.8416650165000326}], ["morf_live_ttt_1", {"mean": -0.2, "std": 0.9055385138137417}], ["morf_live_ttt_2", {"mean": -0.15, "std": 0.8986100377805715}], ["morf_live_ttt_3", {"mean": -0.21, "std": 0.9087904048789248}], ["Red_live_ttt_1", {"mean": -0.27, "std": 0.9039358384310249}], ["Red_live_ttt_2", {"mean": -0.21, "std": 0.9087904048789248}], ["Red_live_ttt_3", {"mean": -0.39, "std": 0.8819863944528851}], ["Something_live_ttt_1", {"mean": -0.49, "std": 0.8306021911842033}], ["Something_live_ttt_2", {"mean": -0.6, "std": 0.7615773105863909}], ["Something_live_ttt_3", {"mean": -0.61, "std": 0.7732399368889322}], ["TarotMaster_live_ttt_1", {"mean": -0.32, "std": 0.8471127433818948}], ["TarotMaster_live_ttt_2", {"mean": -0.27, "std": 0.8349251463454672}], ["TarotMaster_live_ttt_3", {"mean": -0.24, "std": 0.873155198117723}], ["Thistle_live_ttt_1", {"mean": -0.48, "std": 0.8304215796810679}], ["Thistle_live_ttt_2", {"mean": -0.29, "std": 0.9305374790947434}], ["Thistle_live_ttt_3", {"mean": -0.35, "std": 0.8986100377805715}], ["Tomato_live_ttt_1", {"mean": -0.19, "std": 0.934826187052973}], ["Tomato_live_ttt_2", {"mean": -0.23, "std": 0.8928045698807775}], ["Tomato_live_ttt_3", {"mean": -0.23, "std": 0.8585452812752512}], ["TRo_live_ttt_1", {"mean": -0.23, "std": 0.8815327560561773}], ["TRo_live_ttt_2", {"mean": -0.33, "std": 0.8491760712596651}], ["TRo_live_ttt_3", {"mean": -0.15, "std": 0.8874119674649423}]]